<?xml version="1.0" encoding="UTF-8"?>
<suppressions xmlns="https://jeremylong.github.io/DependencyCheck/dependency-suppression.1.3.xsd">
   <suppress>
      <notes><![CDATA[
      file name: hibernate-validator-6.0.18.Final.jar
      ]]></notes>
      <packageUrl regex="true">^pkg:maven/org\.hibernate\.validator/hibernate\-validator@.*$</packageUrl>
      <cve>CVE-2020-10693</cve>
   </suppress>
   
   <suppress>
   <notes><![CDATA[
   file name: jackson-databind-2.10.2.jar
   ]]></notes>
   <packageUrl regex="true">^pkg:maven/com\.fasterxml\.jackson\.core/jackson\-databind@.*$</packageUrl>
   <cve>CVE-2020-25649</cve>
</suppress>

<suppress>
   <notes><![CDATA[
   file name: jackson-databind-2.10.2.jar
   ]]></notes>
   <packageUrl regex="true">^pkg:maven/com\.fasterxml\.jackson\.core/jackson\-databind@.*$</packageUrl>
   <cve>CVE-2020-36518</cve>
</suppress>

<suppress>
   <notes><![CDATA[
   file name: jackson-databind-2.10.2.jar
   ]]></notes>
   <packageUrl regex="true">^pkg:maven/com\.fasterxml\.jackson\.core/jackson\-databind@.*$</packageUrl>
   <cve>CVE-2021-46877</cve>
</suppress>
   
   
  <suppress>
   <notes><![CDATA[
   file name: jackson-databind-2.10.2.jar
   ]]></notes>
   <packageUrl regex="true">^pkg:maven/com\.fasterxml\.jackson\.core/jackson\-databind@.*$</packageUrl>
   <cve>CVE-2022-42003</cve>
</suppress>

<suppress>
   <notes><![CDATA[
   file name: jackson-databind-2.10.2.jar
   ]]></notes>
   <packageUrl regex="true">^pkg:maven/com\.fasterxml\.jackson\.core/jackson\-databind@.*$</packageUrl>
   <cve>CVE-2022-42004</cve>
</suppress>

<suppress>
   <notes><![CDATA[
   file name: jackson-databind-2.10.2.jar
   ]]></notes>
   <packageUrl regex="true">^pkg:maven/com\.fasterxml\.jackson\.core/jackson\-databind@.*$</packageUrl>
   <cve>CVE-2023-35116</cve>
</suppress>

<suppress>
   <notes><![CDATA[
   file name: log4j-api-2.12.1.jar
   ]]></notes>
   <packageUrl regex="true">^pkg:maven/org\.apache\.logging\.log4j/log4j\-api@.*$</packageUrl>
   <cpe>cpe:/a:apache:log4j</cpe>
</suppress>

<suppress>
   <notes><![CDATA[
   file name: logback-core-1.2.3.jar
   ]]></notes>
   <packageUrl regex="true">^pkg:maven/ch\.qos\.logback/logback\-core@.*$</packageUrl>
   <cpe>cpe:/a:qos:logback</cpe>
</suppress>

<suppress>
   <notes><![CDATA[
   file name: logback-classic-1.2.3.jar
   ]]></notes>
   <packageUrl regex="true">^pkg:maven/ch\.qos\.logback/logback\-classic@.*$</packageUrl>
   <cpe>cpe:/a:qos:logback</cpe>
</suppress>

<suppress>
   <notes><![CDATA[
   file name: snakeyaml-1.25.jar
   ]]></notes>
   <packageUrl regex="true">^pkg:maven/org\.yaml/snakeyaml@.*$</packageUrl>
   <cpe>cpe:/a:snakeyaml_project:snakeyaml</cpe>
</suppress>

<suppress>
   <notes><![CDATA[
   file name: logback-core-1.2.3.jar
   ]]></notes>
   <packageUrl regex="true">^pkg:maven/ch\.qos\.logback/logback\-core@.*$</packageUrl>
   <vulnerabilityName>CVE-2023-6378</vulnerabilityName>
</suppress>

<suppress>
   <notes><![CDATA[
   file name: logback-core-1.2.3.jar
   ]]></notes>
   <packageUrl regex="true">^pkg:maven/ch\.qos\.logback/logback\-core@.*$</packageUrl>
   <vulnerabilityName>CVE-2021-42550</vulnerabilityName>
</suppress>

<suppress>
   <notes><![CDATA[
   file name: snakeyaml-1.25.jar
   ]]></notes>
   <packageUrl regex="true">^pkg:maven/org\.yaml/snakeyaml@.*$</packageUrl>
   <vulnerabilityName>CVE-2022-1471</vulnerabilityName>
</suppress>

<suppress>
   <notes><![CDATA[
   file name: snakeyaml-1.25.jar
   ]]></notes>
   <packageUrl regex="true">^pkg:maven/org\.yaml/snakeyaml@.*$</packageUrl>
   <vulnerabilityName>CVE-2017-18640</vulnerabilityName>
</suppress>

<suppress>
   <notes><![CDATA[
   file name: snakeyaml-1.25.jar
   ]]></notes>
   <packageUrl regex="true">^pkg:maven/org\.yaml/snakeyaml@.*$</packageUrl>
   <vulnerabilityName>CVE-2022-25857</vulnerabilityName>
</suppress>

<suppress>
   <notes><![CDATA[
   file name: snakeyaml-1.25.jar
   ]]></notes>
   <packageUrl regex="true">^pkg:maven/org\.yaml/snakeyaml@.*$</packageUrl>
   <vulnerabilityName>CVE-2022-25857</vulnerabilityName>
</suppress>

<suppress>
   <notes><![CDATA[
   file name: snakeyaml-1.25.jar
   ]]></notes>
   <packageUrl regex="true">^pkg:maven/org\.yaml/snakeyaml@.*$</packageUrl>
   <vulnerabilityName>CVE-2022-38749</vulnerabilityName>
</suppress>
<suppress>
   <notes><![CDATA[
   file name: snakeyaml-1.25.jar
   ]]></notes>
   <packageUrl regex="true">^pkg:maven/org\.yaml/snakeyaml@.*$</packageUrl>
   <vulnerabilityName>CVE-2022-38749</vulnerabilityName>
</suppress>
<suppress>
   <notes><![CDATA[
   file name: snakeyaml-1.25.jar
   ]]></notes>
   <packageUrl regex="true">^pkg:maven/org\.yaml/snakeyaml@.*$</packageUrl>
   <vulnerabilityName>CVE-2022-38751</vulnerabilityName>
</suppress>
<suppress>
   <notes><![CDATA[
   file name: snakeyaml-1.25.jar
   ]]></notes>
   <packageUrl regex="true">^pkg:maven/org\.yaml/snakeyaml@.*$</packageUrl>
   <vulnerabilityName>CVE-2022-38751</vulnerabilityName>
</suppress>
<suppress>
   <notes><![CDATA[
   file name: snakeyaml-1.25.jar
   ]]></notes>
   <packageUrl regex="true">^pkg:maven/org\.yaml/snakeyaml@.*$</packageUrl>
   <vulnerabilityName>CVE-2022-38752</vulnerabilityName>
</suppress>
<suppress>
   <notes><![CDATA[
   file name: snakeyaml-1.25.jar
   ]]></notes>
   <packageUrl regex="true">^pkg:maven/org\.yaml/snakeyaml@.*$</packageUrl>
   <vulnerabilityName>CVE-2022-41854</vulnerabilityName>
</suppress>
<suppress>
   <notes><![CDATA[
   file name: snakeyaml-1.25.jar
   ]]></notes>
   <packageUrl regex="true">^pkg:maven/org\.yaml/snakeyaml@.*$</packageUrl>
   <vulnerabilityName>CVE-2022-38750</vulnerabilityName>
</suppress>
<suppress>
   <notes><![CDATA[
   file name: logback-classic-1.2.3.jar
   ]]></notes>
   <packageUrl regex="true">^pkg:maven/ch\.qos\.logback/logback\-classic@.*$</packageUrl>
   <vulnerabilityName>CVE-2023-6378</vulnerabilityName>
</suppress>
<suppress>
   <notes><![CDATA[
   file name: logback-classic-1.2.3.jar
   ]]></notes>
   <packageUrl regex="true">^pkg:maven/ch\.qos\.logback/logback\-classic@.*$</packageUrl>
   <vulnerabilityName>CVE-2021-42550</vulnerabilityName>
</suppress>

<suppress>
   <notes><![CDATA[
   file name: spring-web-5.3.27.jar
   ]]></notes>
   <packageUrl regex="true">^pkg:maven/org\.springframework/spring\-web@.*$</packageUrl>
   <cve>CVE-2016-1000027</cve>
</suppress>
</suppressions>